{
  "in_degree_mean": {
    "mean": 1.4662638469284994,
    "std": 0.0,
    "min": 1.4662638469284994,
    "max": 1.4662638469284994,
    "n": 1
  },
  "out_degree_mean": {
    "mean": 1.4662638469284994,
    "std": 0.0,
    "min": 1.4662638469284994,
    "max": 1.4662638469284994,
    "n": 1
  },
  "in_degree_std": {
    "mean": 0.5757081884950102,
    "std": 0.0,
    "min": 0.5757081884950102,
    "max": 0.5757081884950102,
    "n": 1
  },
  "out_degree_std": {
    "mean": 1.156930967568131,
    "std": 0.0,
    "min": 1.156930967568131,
    "max": 1.156930967568131,
    "n": 1
  },
  "density": {
    "mean": 0.0014766000472593147,
    "std": 0.0,
    "min": 0.0014766000472593147,
    "max": 0.0014766000472593147,
    "n": 1
  },
  "num_components": {
    "mean": 1.0,
    "std": 0.0,
    "min": 1.0,
    "max": 1.0,
    "n": 1
  },
  "largest_component_ratio": {
    "mean": 1.0,
    "std": 0.0,
    "min": 1.0,
    "max": 1.0,
    "n": 1
  },
  "gate_type_entropy": {
    "mean": 1.419261899360935,
    "std": 0.0,
    "min": 1.419261899360935,
    "max": 1.419261899360935,
    "n": 1
  },
  "dominant_type_ratio": {
    "mean": 0.5015105740181269,
    "std": 0.0,
    "min": 0.5015105740181269,
    "max": 0.5015105740181269,
    "n": 1
  },
  "io_ratio": {
    "mean": 0.07351460221550855,
    "std": 0.0,
    "min": 0.07351460221550855,
    "max": 0.07351460221550855,
    "n": 1
  },
  "edge_node_ratio": {
    "mean": 1.4662638469284994,
    "std": 0.0,
    "min": 1.4662638469284994,
    "max": 1.4662638469284994,
    "n": 1
  }
}